BubbleID,Frame,X,Y,Area
0,174,138,683,2094.5
0,175,138,676,2054.0
0,176,139,670,1976.5
0,177,139,663,2030.0
0,178,139,654,2410.5
0,179,138,646,2383.5
0,180,137,638,2460.5
0,181,136,630,2320.5
0,182,137,622,2307.0
0,183,136,614,2707.0
0,184,135,607,2921.5
0,185,133,602,2951.0
0,186,130,595,3171.5
0,187,127,588,3184.0
0,188,127,580,3096.5
0,189,125,572,3124.0
0,190,124,565,3074.5
0,191,124,558,2988.5
0,192,123,552,2941.0
0,193,122,545,2945.0
0,194,122,538,2912.5
0,195,120,530,3016.0
0,196,119,521,3006.5
0,197,120,514,3000.0
0,198,121,507,2879.5
0,199,123,499,2961.5
0,200,124,489,2920.0
0,201,126,481,2913.5
0,202,125,474,2896.0
0,203,128,467,2829.5
0,204,130,460,2812.0
0,205,130,454,2407.5
0,206,125,444,2846.5
0,207,125,435,3246.5
0,208,127,428,3493.5
0,209,126,421,3533.0
0,210,127,414,3535.0
0,211,126,406,3611.5
0,212,125,398,3816.0
0,213,125,390,3753.0
0,214,124,381,3683.5
0,215,121,373,3509.5
0,216,119,364,3367.5
0,217,116,356,3334.0
0,218,116,349,3320.0
0,219,115,342,3288.0
0,220,115,334,3125.0
0,221,113,327,2833.0
0,222,113,317,2793.0
0,223,113,309,2650.0
0,224,112,302,2666.0
0,225,112,296,2583.5
0,226,111,289,2588.5
0,227,111,282,2624.0
0,228,109,276,2416.5
0,229,110,267,2540.5
0,230,109,259,2868.0
0,231,108,250,3050.0
0,232,108,241,3054.0
0,233,109,234,3308.5
0,234,108,226,3416.5
0,235,108,220,3583.0
0,236,108,212,3718.0
0,237,108,206,3755.5
0,238,109,198,3536.5
0,239,109,188,3486.5
0,240,110,180,3484.5
0,241,111,173,3603.5
0,242,113,167,3529.5
0,243,115,159,3443.5
0,244,115,150,3149.0
0,245,116,142,2988.5
0,246,118,134,2888.5
0,247,120,127,2684.5
0,248,122,119,2596.0
0,249,123,111,2402.5
0,250,120,102,2064.0
0,251,120,92,2328.5
0,252,120,85,2367.0
0,253,121,78,2288.5
0,254,119,69,2202.0
0,255,116,61,2194.0
0,256,115,52,2300.5
0,257,114,45,2281.5
0,258,115,37,2245.5
0,259,114,28,2068.5
0,260,114,20,2196.0
1,275,139,682,2172.0
1,276,137,675,2054.5
1,277,137,669,2037.0
1,278,139,663,1986.0
1,279,139,654,2207.5
1,280,139,646,2243.0
1,281,138,637,2394.0
1,282,137,629,2338.5
1,283,137,621,2293.5
1,284,137,612,2539.5
1,285,136,605,2690.0
1,286,135,598,2709.5
1,287,132,591,2937.0
1,288,132,583,3030.0
1,289,131,575,3057.0
1,290,131,568,2955.5
1,291,131,560,2875.5
1,292,132,551,2910.0
1,293,132,543,2961.0
1,294,134,533,2613.0
1,295,137,523,2523.0
1,296,137,515,2396.5
1,297,136,508,2416.0
1,298,136,499,2271.5
1,299,136,490,2251.0
1,300,136,480,2400.5
1,301,138,471,2366.5
1,302,139,464,2388.0
1,303,139,456,2297.0
1,304,141,448,2341.5
1,305,143,440,2669.0
1,306,147,433,3021.0
1,307,151,427,3087.5
1,308,155,420,2969.5
1,309,158,413,3076.0
1,310,161,405,3300.5
1,311,165,398,3282.0
1,312,168,390,3397.5
1,313,172,383,3304.0
1,314,176,377,3498.0
1,315,176,367,3842.5
1,316,177,358,3863.0
1,317,178,348,3561.5
1,318,177,338,3400.5
1,319,175,328,3132.5
1,320,175,317,3208.5
1,321,173,309,3285.5
1,322,172,301,3186.5
1,323,171,293,3043.0
1,324,170,285,2969.5
1,325,169,278,2805.5
1,326,167,270,2777.5
1,327,163,261,2674.5
1,328,164,252,2596.5
1,329,162,242,2363.5
1,330,162,234,2493.0
1,331,162,225,2532.0
1,332,160,217,2466.0
1,333,157,209,2270.5
1,334,157,200,2302.5
1,335,156,192,2307.0
1,336,153,183,2541.5
1,337,152,174,2686.5
1,338,148,166,2735.0
1,339,147,157,2890.0
1,340,146,149,2940.5
1,341,160,164,6181.0
1,342,158,150,5845.0
1,343,157,138,5898.0
1,344,154,126,5047.0
1,345,154,118,4621.0
1,346,158,104,4954.0
1,347,159,96,4964.5
1,348,163,87,4695.0
1,349,164,80,4632.0
1,350,166,71,4471.5
1,351,170,61,4449.5
1,352,169,53,4336.0
1,353,171,46,4239.5
1,354,170,41,4035.0
1,355,167,41,2576.5
1,356,172,32,2126.5
1,357,175,21,1874.0
1,358,165,16,1027.5
2,294,139,679,2109.0
2,295,139,673,2020.0
2,296,139,665,1948.5
2,297,139,656,2062.5
2,298,138,647,2030.0
2,299,138,638,2015.5
2,300,137,629,1995.0
2,301,139,617,2119.0
2,302,140,607,2222.5
2,303,141,598,2196.5
2,304,143,587,2327.5
2,305,148,576,2333.5
2,306,153,566,2352.5
2,307,158,557,2330.0
2,308,163,547,2269.5
2,309,168,535,2073.5
2,310,169,524,2106.0
2,311,170,514,2111.0
2,312,171,504,2093.0
2,313,172,493,2158.0
2,314,173,482,2398.0
2,315,176,473,2607.5
2,316,179,465,2710.0
2,317,181,458,2702.5
2,318,179,447,2828.5
2,319,174,436,2803.5
2,320,170,424,2790.0
2,321,168,414,2791.0
2,322,164,401,2916.5
2,323,160,390,2926.5
2,324,156,379,2735.5
2,325,151,366,2559.0
2,326,149,351,2400.0
2,327,148,339,2302.0
2,328,149,326,2217.5
2,329,152,312,2367.0
2,330,155,299,2240.0
2,331,156,289,2052.5
2,332,156,279,1965.0
2,333,156,270,1993.0
2,334,157,259,2071.5
2,335,158,249,2244.5
2,336,160,236,2275.0
2,337,164,226,2447.0
2,338,168,217,2666.0
2,339,172,209,2830.5
2,340,174,200,2940.5
3,324,139,681,2167.5
3,325,138,674,2136.5
3,326,138,668,2120.5
3,327,138,659,2168.5
3,328,139,651,2306.5
3,329,139,643,2156.5
3,330,139,635,2217.0
3,331,138,626,2237.5
3,332,140,616,2336.0
3,333,140,608,2449.5
3,334,138,601,2647.5
3,335,137,593,2913.5
3,336,137,585,3035.0
3,337,142,575,3153.0
3,338,144,567,3212.5
3,339,149,558,3198.5
3,340,152,550,3090.0
3,341,154,542,2900.0
3,342,157,532,2784.0
3,343,160,524,2727.5
3,344,163,516,2699.5
3,345,166,508,2633.5
3,346,167,501,2421.0
3,347,170,490,2457.0
3,348,172,480,2488.0
3,349,175,471,2488.5
3,350,177,463,2395.0
3,351,179,456,2407.0
3,352,179,447,2572.5
3,353,179,438,2802.5
3,354,179,431,2789.5
3,355,180,423,2908.5
3,356,179,414,2978.0
3,357,178,402,2808.5
3,358,178,391,2816.5
3,359,176,380,2809.0
3,360,175,370,2536.0
3,361,175,356,2490.0
3,362,174,347,2489.0
3,363,172,338,2286.0
3,364,173,329,2249.0
3,365,171,320,2247.5
3,366,172,309,2429.0
3,367,169,301,2649.0
3,368,168,293,2610.5
3,369,169,285,2558.0
3,370,171,277,2510.0
3,371,173,268,2346.5
3,372,177,256,2558.0
3,373,173,245,2625.0
3,374,173,234,2907.0
3,375,172,225,3358.5
3,376,172,217,3598.5
3,377,172,208,3747.5
3,378,173,199,3876.5
3,379,174,188,3930.0
3,380,178,178,3863.0
3,381,180,168,3539.5
3,382,184,159,3356.5
3,383,186,148,3284.5
3,384,188,139,3319.5
3,385,189,130,3265.5
3,386,191,121,3325.5
3,387,194,111,2857.0
3,388,192,100,2852.5
3,389,190,90,2863.5
3,390,191,82,2794.0
3,391,191,73,2599.5
3,392,188,63,2338.0
3,393,186,52,2454.5
3,394,185,43,2562.5
3,395,180,34,2423.0
3,396,177,23,1845.0
4,525,137,679,2080.5
4,526,135,673,2061.5
4,527,135,666,2133.5
4,528,135,660,2096.5
4,529,136,650,2200.0
4,530,136,642,2280.0
4,531,134,634,2252.0
4,532,135,626,2082.5
4,533,135,617,2182.0
4,534,134,609,2400.0
4,535,134,602,2570.0
4,536,133,596,2667.5
4,537,131,589,3012.5
4,538,129,582,3091.5
4,539,130,573,3214.5
4,540,130,566,3151.5
4,541,131,559,2997.0
4,542,132,552,2851.5
4,543,134,544,2798.0
4,544,133,535,2662.0
4,545,133,526,2891.5
4,546,134,519,2984.5
4,547,134,513,2951.0
4,548,134,506,2703.5
4,549,135,498,2596.5
4,550,138,488,2381.5
4,551,141,479,2296.0
4,552,144,471,2309.5
4,553,145,465,2341.5
4,554,148,459,2311.5
4,555,151,451,2316.5
4,556,153,443,2545.0
4,557,155,435,2713.5
4,558,157,428,2779.0
4,559,159,420,2915.5
4,560,161,412,2953.5
4,561,163,403,3121.5
4,562,163,394,3211.5
4,563,164,386,3171.0
4,564,164,378,3100.5
4,565,165,369,3009.5
4,566,165,360,2776.5
4,567,165,351,2759.5
4,568,164,344,2743.0
4,569,162,336,2608.5
4,570,162,329,2501.0
4,571,162,320,2415.5
4,572,162,311,2584.0
4,573,161,303,2592.0
4,574,162,296,2639.5
4,575,161,289,2570.5
4,576,159,282,2502.0
4,577,157,276,2462.0
4,578,156,268,2492.0
4,579,153,260,2683.5
4,580,149,253,2826.0
4,581,148,243,2919.0
4,582,147,235,3078.0
4,583,145,227,3144.5
4,584,143,219,3120.5
4,585,142,212,3346.5
4,586,140,205,3364.0
4,587,142,194,3030.0
4,588,143,183,2967.5
4,589,144,175,3021.0
4,590,145,167,2866.5
4,591,146,160,2527.0
4,592,147,150,2395.0
4,593,148,142,2396.5
4,594,149,134,2507.0
4,595,150,126,2493.5
4,596,150,117,2561.0
4,597,152,107,2353.5
4,598,153,98,2239.0
4,599,154,88,2252.0
4,600,155,80,2312.0
4,601,158,71,2090.5
4,602,158,63,2058.5
4,603,159,54,2243.5
4,604,159,45,2130.0
4,605,162,39,2235.5
4,606,163,31,2265.0
4,607,161,23,1965.0
5,644,147,668,3497.5
5,645,147,657,3527.5
5,646,147,649,3242.5
5,647,147,640,2901.5
5,648,149,647,4696.0
5,649,164,650,2843.0
5,649,126,622,1540.5
5,650,166,642,2249.5
5,650,125,612,1457.5
5,651,170,632,2212.0
5,651,122,605,1606.5
5,652,124,605,2277.0
5,653,149,604,4508.0
5,654,151,598,5243.0
5,655,210,600,1125.0
5,655,129,590,4068.5
5,656,151,596,1284.5
5,656,107,573,1880.5
5,657,106,563,2200.0
5,658,105,556,2324.5
5,659,120,557,4305.5
5,660,119,551,4395.5
5,661,145,554,1490.0
5,661,98,534,2527.0
5,662,100,524,2375.0
5,663,149,534,1200.5
5,663,101,517,2327.5
5,664,119,516,3899.0
5,665,118,509,3917.5
5,666,118,502,3701.0
5,667,120,496,3178.5
5,668,119,485,3183.0
5,669,120,476,3270.5
5,670,122,469,3276.5
5,671,122,462,2975.5
5,672,125,455,2759.0
5,673,124,446,2982.5
5,674,125,438,3094.0
5,675,127,430,3184.0
5,676,127,423,3259.0
5,677,129,415,3291.0
5,678,129,406,3060.0
5,679,128,395,3114.5
5,680,128,387,3294.5
5,681,225,407,1193.0
5,681,128,379,3349.0
5,682,225,400,1251.5
5,682,129,373,3353.5
5,683,219,394,1406.0
5,683,125,363,3341.0
5,684,216,387,1336.0
5,684,124,355,3355.0
5,685,214,379,1444.0
5,685,124,347,3350.5
5,686,219,368,1069.0
5,686,125,339,3648.5
5,687,216,359,1308.5
5,687,127,333,3775.0
5,688,152,333,4943.0
5,689,217,342,1274.0
5,689,125,315,3735.5
5,690,218,332,1108.0
5,690,125,306,3980.0
5,691,146,304,5330.0
5,692,148,296,5495.0
5,693,150,290,5295.5
5,694,153,283,4905.5
5,695,223,290,1012.0
5,695,129,267,3946.0
5,696,151,263,5145.5
5,697,156,256,5447.5
5,698,109,243,2636.0
5,699,103,233,2521.5
5,700,118,226,3751.0
5,701,117,220,4286.0
5,702,118,214,4683.5
5,703,116,208,4752.0
5,704,117,206,2696.0
5,705,119,194,1100.0
5,706,113,180,3699.0
5,707,118,175,4237.0
5,708,209,171,1179.5
5,708,120,169,4117.0
5,709,204,165,1063.0
5,709,120,161,3671.0
5,710,121,154,3331.5
5,711,120,142,3146.5
5,712,196,141,1103.0
5,712,121,136,3344.5
5,713,193,137,1294.0
5,713,121,128,3547.0
5,714,188,133,1374.0
5,714,120,121,3366.5
5,715,135,118,4176.0
5,716,116,103,2799.5
5,717,116,94,3409.0
5,718,128,89,4408.0
5,719,130,84,4775.5
5,720,130,78,4206.0
5,721,130,69,3983.0
5,722,123,56,3942.5
5,723,121,47,4333.0
5,724,123,42,5031.5
5,725,125,35,5023.5
5,726,165,38,1446.0
5,726,89,22,1447.5
5,727,86,15,1177.0
6,659,230,571,1206.0
6,660,228,565,1773.5
6,661,233,560,1408.5
6,662,234,553,1119.5
7,664,234,532,1283.5
7,665,233,525,1302.5
7,666,233,520,1175.0
7,667,237,515,1167.0
7,668,237,506,1166.5
7,669,240,498,1265.0
7,670,240,491,1143.0
7,671,241,484,1205.0
7,672,236,476,1208.0
7,673,235,469,1174.0
7,674,234,462,1113.0
8,676,235,445,1209.0
8,677,232,439,1250.5
8,678,232,432,1197.0
8,679,231,424,1048.0
9,701,224,226,1145.0
9,702,224,220,1440.5
9,703,222,214,1471.5
10,753,145,665,1411.0
10,754,144,661,3048.0
10,755,148,657,4295.5
10,756,146,648,4570.5
10,757,148,641,4619.5
10,758,147,633,3972.0
10,759,123,612,1916.0
10,760,119,608,2372.5
10,761,114,603,3227.0
10,762,206,615,1199.0
10,762,116,598,3919.5
10,763,211,612,1379.0
10,763,112,593,4003.0
10,764,144,686,1494.0
10,764,107,587,3898.5
10,765,145,675,1471.0
10,765,104,579,4006.0
10,766,146,664,1490.0
10,766,103,571,4159.0
10,767,148,651,1475.5
10,767,99,565,4289.0
10,768,149,638,1423.5
10,768,97,558,4256.0
10,769,150,626,1467.5
10,769,98,550,4393.0
10,770,154,612,1499.5
10,770,101,540,4381.5
10,771,157,598,1476.0
10,771,101,532,4419.0
10,772,163,582,1500.5
10,772,101,525,4430.5
10,773,166,567,1452.5
10,773,99,518,4392.0
10,774,98,510,4508.5
10,775,99,502,4616.0
10,776,161,524,1546.0
10,776,99,496,4643.0
10,777,162,512,1567.0
10,777,82,503,2789.0
10,777,123,464,1661.0
10,778,162,502,1302.5
10,778,80,497,2390.5
10,778,124,456,1779.5
10,779,165,491,1457.0
10,779,79,490,2153.0
10,779,124,449,1643.0
10,780,86,482,1613.5
10,780,163,478,1560.0
10,780,123,439,1693.0
10,781,72,475,2248.5
10,781,167,468,1675.0
10,781,122,429,1534.0
10,782,66,467,2247.0
10,782,168,458,1661.0
10,782,121,421,1699.5
10,783,64,460,2188.0
10,783,138,428,3278.5
10,784,61,454,2208.0
10,784,138,417,3380.5
10,785,58,447,2214.5
10,785,140,409,3422.0
10,786,57,439,2300.5
10,786,139,398,3233.0
10,787,57,432,2431.0
10,787,138,389,3503.0
10,788,57,423,2362.5
10,788,135,380,3475.0
10,789,57,416,2343.5
10,789,134,371,3331.0
10,790,58,410,2480.0
10,790,132,362,3477.5
10,791,59,403,2489.0
10,791,130,353,3517.5
10,792,60,394,2631.5
10,792,129,342,3496.5
10,793,59,386,2771.5
10,793,129,333,3437.0
10,794,60,378,2875.5
10,794,129,322,3595.5
10,795,61,371,2909.0
10,795,129,312,3699.0
10,796,62,363,2770.0
10,796,127,304,3873.0
10,797,64,355,2871.0
10,797,126,295,4017.0
10,798,67,347,2908.5
10,798,124,286,3745.5
10,799,70,340,3092.0
10,799,121,272,3677.0
10,800,71,332,3023.5
10,800,122,261,3847.5
10,801,75,323,2895.0
10,801,122,251,4098.5
10,802,77,313,2950.0
10,802,123,242,3906.0
10,803,80,304,2866.5
10,803,124,233,3914.5
10,804,82,296,2730.0
10,804,126,226,3898.5
10,805,87,287,2567.5
10,805,127,219,3969.0
10,806,90,280,2399.0
10,806,129,211,3998.5
10,807,92,271,2385.5
10,807,148,218,5877.0
10,808,93,261,2328.0
10,808,149,206,5414.5
10,809,94,252,2268.0
10,809,152,200,5602.0
10,810,92,240,2104.0
10,810,154,194,5577.5
10,811,95,231,2272.0
10,811,155,186,5713.5
10,812,98,221,2347.0
10,812,158,179,5414.5
10,813,102,213,2428.0
10,813,165,178,6313.5
10,814,213,227,1883.0
10,814,104,202,2311.5
10,814,158,156,4925.0
10,815,213,220,2101.0
10,815,106,187,2079.5
10,815,158,144,4603.0
10,816,212,210,2325.0
10,816,109,178,2332.0
10,816,158,134,4594.5
10,817,205,198,2020.5
10,817,110,169,2340.5
10,817,159,124,4520.0
10,818,203,188,2033.5
10,818,112,160,2274.5
10,818,157,112,4291.5
10,819,201,182,1914.0
10,819,111,149,2248.5
10,819,155,101,4187.5
10,820,199,172,1899.5
10,820,109,140,2338.0
10,820,155,91,4407.5
10,821,199,164,1836.5
10,821,106,132,2497.5
10,821,156,83,4000.5
10,822,200,152,1817.5
10,822,106,125,2613.5
10,822,154,71,3923.5
10,823,201,140,1723.5
10,823,105,118,2683.0
10,823,151,57,3753.0
10,824,200,132,1459.5
10,824,105,108,2472.5
10,824,150,49,3882.0
10,825,197,120,1143.0
10,825,121,96,1552.5
10,825,152,41,3535.0
10,826,199,103,1174.5
10,826,106,90,2734.0
10,826,159,35,3520.0
10,827,199,94,1574.5
10,827,107,82,2681.5
10,827,191,43,1463.0
10,828,200,86,1419.0
10,828,117,68,1823.0
10,828,198,38,1543.0
10,829,206,77,1134.0
10,829,115,58,1826.0
10,830,112,49,1985.5
10,830,200,19,1519.0
10,831,203,51,1425.5
10,831,110,40,2067.5
10,832,207,43,1496.5
10,832,112,29,2022.5
11,764,217,608,1373.0
11,765,224,607,1196.5
11,766,229,602,1264.5
11,767,234,596,1179.0
11,768,237,589,1334.5
11,769,239,581,1391.0
11,770,242,575,1436.5
11,771,246,568,1310.0
11,772,247,562,1182.0
11,773,251,557,1163.0
11,774,173,556,1111.0
12,772,146,677,1706.0
12,773,145,669,1711.0
12,774,146,661,1612.5
12,775,146,651,1616.5
12,776,148,639,1540.5
12,777,148,629,1586.5
12,778,148,617,1689.0
12,779,149,606,1860.0
12,780,150,597,1889.5
12,781,153,584,2028.0
12,782,155,573,1893.5
12,783,157,561,1889.0
12,784,160,549,1806.5
12,785,161,534,1771.0
12,786,161,520,1915.0
12,787,161,505,1908.0
12,788,162,489,1734.0
12,789,165,473,1687.0
12,790,169,458,1549.0
12,791,174,444,1700.5
12,792,177,431,1630.0
12,793,179,421,1466.0
12,794,175,404,1082.0
12,795,253,395,1174.0
12,795,183,393,1684.5
12,796,248,393,1218.0
12,796,189,382,1444.0
12,797,243,389,1197.0
12,798,238,384,1202.5
12,798,188,349,1175.5
12,799,239,372,1462.5
12,799,191,335,1558.0
12,800,235,362,1469.5
12,800,197,323,1031.5
12,801,230,355,1516.5
12,801,195,309,1547.5
12,802,227,348,1398.5
12,802,195,300,1947.0
12,803,224,340,1430.0
12,803,196,293,2042.0
12,804,222,332,1295.0
12,804,194,282,2107.0
12,805,223,321,1386.0
12,805,193,272,1943.0
12,806,222,311,1402.0
12,806,192,264,1732.0
12,807,221,303,1378.5
12,808,218,293,1302.0
12,809,218,282,1321.0
12,810,217,272,1335.5
12,811,222,264,1248.0
13,776,258,536,1107.5
13,777,258,528,1185.5
13,778,263,523,1092.5
14,785,143,682,2262.0
14,786,142,675,2100.0
14,787,141,667,2095.5
14,788,141,659,2190.0
14,789,142,651,2150.5
14,790,141,641,2071.5
14,791,138,634,1948.0
14,792,139,625,1842.0
14,793,141,616,1981.0
14,794,142,606,2093.0
14,795,142,599,2123.0
14,796,143,591,2152.0
14,797,146,581,2134.0
14,798,150,571,2103.5
14,799,153,562,2250.5
14,800,156,553,2174.0
14,801,159,543,2160.0
14,802,163,532,2145.5
14,803,164,521,2400.0
14,804,164,512,2608.0
14,805,165,502,2633.5
14,806,163,488,2704.0
14,807,162,475,2747.5
14,808,163,465,2799.5
14,809,162,454,2626.0
14,810,160,440,2787.5
14,811,159,429,2540.0
14,812,157,418,2407.0
14,813,156,405,2244.0
14,814,156,393,2232.0
14,815,156,383,2415.0
14,816,155,372,2381.5
14,817,159,355,2508.5
14,818,159,344,2469.5
14,819,160,331,2506.0
14,820,162,318,2631.5
14,821,162,308,2663.5
14,822,164,296,2668.0
14,823,169,285,2591.5
14,824,173,272,2376.5
14,825,179,258,2398.5
14,826,182,244,2157.5
14,827,186,230,2231.5
14,828,188,219,2362.5
14,829,190,208,2173.0
14,830,190,193,1952.5
14,831,190,179,1825.5
14,832,189,165,2023.5
14,833,188,154,1936.5
14,834,189,143,1924.5
14,835,189,132,2191.5
14,836,189,121,2195.5
14,837,189,108,1943.5
14,838,189,99,2056.0
14,839,188,90,2401.0
14,840,186,82,2421.5
14,841,184,70,2314.5
14,842,181,61,2390.5
14,843,178,49,2804.5
14,844,175,40,2667.5
14,845,168,32,2316.0
14,846,163,24,1943.5
15,788,273,446,1077.0
15,789,271,438,1002.5
16,833,212,34,1275.0
17,911,144,674,1029.5
17,912,145,663,3090.5
17,913,148,655,3207.5
17,914,151,647,3129.5
17,915,128,632,1841.5
17,916,166,658,2786.5
17,916,124,625,1734.5
17,917,167,649,2881.5
17,917,122,615,1863.0
17,918,168,641,2549.0
17,918,120,608,2039.5
17,919,127,609,3045.0
17,920,127,602,3426.0
17,921,211,623,1108.0
17,921,125,596,4047.0
17,922,216,615,1543.0
17,922,124,589,4302.5
17,923,122,582,4243.5
17,924,143,585,1330.5
17,924,101,564,2451.0
17,925,144,575,1273.5
17,925,98,556,2486.0
17,926,114,555,4063.0
17,927,113,549,4459.0
17,928,113,542,4516.0
17,929,112,531,4142.0
17,930,109,523,3996.0
17,931,112,515,4086.0
17,932,111,508,3846.5
17,933,110,500,3511.0
17,934,110,493,3175.0
17,935,111,485,3370.0
17,936,110,477,3493.0
17,937,110,470,3690.5
17,938,111,462,3522.5
17,939,112,455,3359.5
17,940,111,446,3586.5
17,941,112,438,3852.5
17,942,112,430,3778.0
17,943,114,424,3738.0
17,944,115,418,3643.0
17,945,119,411,3406.0
17,946,120,402,3319.5
17,947,117,392,3654.5
17,948,115,384,3795.5
17,949,114,377,3815.0
17,950,153,380,5563.0
17,951,229,391,1728.0
17,951,155,370,1267.0
17,951,78,358,1790.5
17,952,81,349,2337.0
17,953,85,341,2671.0
17,954,164,346,1309.0
17,954,83,335,2863.0
17,955,83,329,2851.0
17,956,84,322,2201.0
17,957,88,311,2164.5
17,958,92,302,2644.5
17,959,167,300,1437.5
17,959,91,295,2950.5
17,960,117,292,4887.5
17,961,116,285,3977.5
17,962,159,282,1178.5
17,962,85,279,2021.0
17,963,156,276,1118.5
17,963,88,264,3123.5
17,964,103,260,4991.0
17,965,154,259,1185.5
17,965,86,249,3688.0
17,966,85,242,3687.5
17,967,83,233,3546.0
17,968,84,222,3331.0
17,969,147,220,1401.0
17,969,83,214,3420.5
17,970,100,209,4927.0
17,971,79,203,2850.0
17,972,76,182,2029.0
17,973,76,174,2421.5
17,974,138,177,1069.0
17,974,74,169,2838.0
17,975,132,172,1194.5
17,975,71,162,2691.5
17,976,70,151,1807.5
17,977,68,139,2250.0
17,978,66,132,2399.0
17,979,130,137,1192.5
17,979,63,126,2714.5
17,980,129,130,1291.0
17,980,61,119,2625.5
17,981,60,109,2425.5
17,982,60,99,2183.0
17,983,58,92,2328.0
17,984,130,91,1215.0
17,984,58,86,2448.5
17,985,55,80,2558.5
17,986,49,74,1818.0
17,987,54,54,1145.0
17,988,147,54,1042.5
17,988,60,47,2525.0
17,989,153,49,1060.5
17,989,63,41,2570.0
17,990,63,34,2276.5
18,923,222,612,1590.5
18,924,225,607,1259.0
18,925,227,600,1345.0
18,926,225,590,1343.0
18,927,224,580,1425.0
18,928,225,572,1387.5
18,929,226,567,1255.0
18,930,227,561,1225.0
18,931,226,554,1330.5
18,932,230,546,1369.0
18,933,229,539,1307.5
18,934,227,532,1228.5
18,935,228,525,1285.0
18,936,228,518,1325.0
18,937,230,510,1386.5
18,938,229,500,1313.5
18,939,230,492,1344.5
18,940,228,483,1297.5
18,941,229,475,1139.5
18,942,231,466,1113.5
19,944,232,447,1268.0
19,945,232,439,1257.0
19,946,227,433,1156.5
19,947,231,427,1050.0
20,949,230,408,1524.0
21,952,228,386,1344.0
22,954,232,361,1534.0
22,955,229,354,1870.0
22,955,167,340,1433.0
22,956,230,348,1773.5
22,957,227,344,1102.5
23,959,227,322,1395.0
23,960,229,311,1780.5
23,961,226,303,1471.0
24,965,222,264,1052.0
25,969,229,226,1133.0
25,970,226,221,1808.5
25,971,224,218,1422.5
26,974,233,184,1631.5
26,975,234,176,1592.0
26,976,235,168,1155.0
27,979,239,132,1259.5
27,980,242,127,1040.0
28,989,240,40,1288.5
28,990,160,47,1121.0
28,990,241,36,1456.5
29,1087,141,670,1068.5
29,1088,143,664,4152.5
29,1089,141,655,4190.0
29,1090,140,648,4311.5
29,1091,138,640,4150.0
29,1092,138,632,4100.5
29,1093,138,623,3986.0
29,1094,140,614,3846.5
29,1095,139,607,4145.5
29,1096,137,598,3892.5
29,1097,137,591,3848.5
29,1098,137,584,3696.0
29,1099,139,576,3690.5
29,1100,112,576,2170.0
29,1100,174,563,1692.5
29,1101,110,570,2126.0
29,1101,178,558,1839.5
29,1102,106,564,2022.5
29,1102,184,553,1899.0
29,1103,103,557,2084.5
29,1103,188,548,1981.5
29,1104,99,551,2089.5
29,1104,193,543,2134.0
29,1105,197,536,1968.0
29,1106,202,528,2017.5
29,1107,207,521,2255.5
29,1108,211,513,2222.5
29,1109,216,507,2228.0
29,1110,219,499,2141.5
29,1111,221,491,2094.0
29,1112,224,483,2200.0
29,1113,225,475,2337.5
29,1114,226,468,2402.5
29,1115,226,461,2122.0
29,1116,229,453,2041.5
29,1117,228,443,2093.5
29,1118,228,436,2105.0
29,1119,227,427,2107.0
29,1120,227,420,2187.5
29,1121,227,412,2072.0
29,1122,226,404,1573.0
29,1123,229,397,1682.5
29,1124,234,389,1933.0
29,1125,235,383,1961.5
29,1126,235,375,1946.0
29,1127,233,367,1951.5
29,1128,231,360,1944.0
29,1129,232,351,2148.0
29,1130,232,344,2190.5
29,1131,232,336,2173.0
29,1132,233,328,2168.0
29,1133,235,317,2110.0
29,1134,234,309,2082.5
29,1135,233,301,2052.0
29,1136,230,295,2086.0
29,1137,230,286,2005.0
29,1138,231,278,2042.5
29,1139,231,269,1962.5
29,1140,232,260,1716.0
29,1141,237,249,1558.5
29,1142,236,235,1578.5
29,1143,232,227,1783.0
29,1144,231,220,2087.0
29,1145,232,212,2163.5
29,1146,233,204,2245.0
29,1147,236,195,1923.0
29,1148,233,185,1899.0
29,1149,232,176,2294.5
29,1150,234,166,2305.5
29,1151,237,159,2584.5
29,1152,237,149,2610.0
29,1153,234,138,2628.5
29,1154,232,128,2391.0
29,1155,232,119,2534.5
29,1156,231,110,2394.0
29,1157,231,102,2273.5
29,1158,228,90,2219.5
29,1159,229,81,2413.5
29,1160,227,72,2375.5
29,1161,223,63,2323.0
29,1162,220,52,2487.0
29,1163,215,45,2424.0
29,1164,211,38,2270.5
29,1165,209,31,2404.0
30,1105,92,546,2121.0
30,1106,88,540,2342.0
30,1107,85,534,2453.5
30,1108,81,527,2531.0
30,1109,78,521,2676.0
30,1110,75,515,2700.5
30,1111,72,508,2649.0
30,1112,71,501,2497.0
30,1113,71,493,2329.0
30,1114,71,485,2323.5
30,1115,69,477,2238.5
30,1116,70,471,1980.5
30,1117,70,463,2031.0
30,1118,69,455,1902.5
30,1119,68,448,1668.5
30,1120,68,439,2056.5
30,1121,69,432,1991.0
30,1122,70,426,1992.0
30,1123,70,418,1783.0
30,1124,70,411,1864.0
30,1125,73,404,1918.0
30,1126,73,397,2121.0
30,1127,73,390,2058.5
30,1128,75,383,2134.0
30,1129,75,375,2168.0
30,1130,74,366,2025.0
30,1131,72,358,2167.5
30,1132,72,351,2224.5
30,1133,73,343,2033.0
30,1134,73,334,2022.5
30,1135,74,325,2034.0
30,1136,75,316,1894.5
30,1137,75,306,2121.0
30,1138,74,298,2169.5
30,1139,74,290,2105.5
30,1140,74,281,2081.0
30,1141,75,274,1988.0
30,1142,76,265,2158.0
30,1143,75,257,2324.5
30,1144,75,248,2523.0
30,1145,75,239,2800.0
30,1146,76,231,3062.5
30,1147,77,224,2928.5
30,1148,77,218,3087.5
30,1149,75,211,3085.0
30,1150,74,202,3157.0
30,1151,73,190,2876.5
30,1152,75,182,3013.5
30,1153,75,173,2941.5
30,1154,77,165,2868.5
30,1155,75,155,2793.5
30,1156,72,146,2830.5
30,1157,74,139,2908.0
30,1158,75,131,2907.5
30,1159,75,123,3052.0
30,1160,75,114,2952.5
30,1161,75,106,2715.5
30,1162,75,97,2644.0
30,1163,74,90,2507.5
30,1164,74,82,2464.5
30,1165,74,73,2321.0
30,1166,74,61,1997.5
30,1167,75,52,2102.0
30,1168,75,43,2041.5
30,1169,74,35,2024.0
30,1170,75,23,1770.0
31,1300,138,677,2182.5
31,1301,136,671,2163.0
31,1302,136,664,2039.5
31,1303,137,657,2206.5
31,1304,138,650,2132.0
31,1305,137,641,2262.5
31,1306,138,633,2325.5
31,1307,135,624,2087.5
31,1308,136,615,2177.0
31,1309,136,608,2416.0
31,1310,135,601,2660.0
31,1311,133,595,2737.0
31,1312,130,588,3082.0
31,1313,130,581,3016.0
31,1314,131,573,2979.0
31,1315,132,564,2894.0
31,1316,131,557,2802.5
31,1317,133,549,2676.0
31,1318,135,540,2470.5
31,1319,136,531,2433.5
31,1320,136,523,2564.5
31,1321,137,516,2712.5
31,1322,136,509,2830.5
31,1323,135,502,2649.0
31,1324,136,493,2564.0
31,1325,135,484,2486.0
31,1326,139,476,2378.5
31,1327,142,469,2418.5
31,1328,146,462,2366.0
31,1329,150,455,2395.0
31,1330,154,448,2533.5
31,1331,158,441,2751.0
31,1332,162,435,2657.5
31,1333,165,428,2749.0
31,1334,169,421,2752.5
31,1335,170,413,2695.0
31,1336,172,404,2698.5
31,1337,174,396,2807.5
31,1338,178,388,2824.5
31,1339,180,381,2926.5
31,1340,181,373,2955.0
31,1341,180,363,2910.0
31,1342,178,353,2950.0
31,1343,177,346,2925.5
31,1344,174,337,2812.5
31,1345,172,329,2560.5
31,1346,171,321,2469.5
31,1347,169,312,2620.5
31,1348,168,304,2599.5
31,1349,167,296,2502.0
31,1350,167,288,2451.0
31,1351,166,279,2299.5
31,1352,165,272,2194.5
31,1353,166,263,2227.0
31,1354,165,255,2407.0
31,1355,163,246,2349.0
31,1356,164,237,2322.0
31,1357,164,230,2603.5
31,1358,163,222,2704.5
31,1359,163,215,2883.0
31,1360,164,207,2857.0
31,1361,164,199,2735.0
31,1362,166,189,2830.5
31,1363,167,179,3002.5
31,1364,168,170,2811.5
31,1365,169,162,2813.0
31,1366,173,154,2892.5
31,1367,176,144,2919.0
31,1368,178,137,2897.0
31,1369,180,130,2967.5
31,1370,183,123,2972.5
31,1371,187,116,2911.0
31,1372,190,108,2619.0
31,1373,192,98,2853.0
31,1374,194,90,2822.5
31,1375,196,83,2805.0
31,1376,198,76,2849.5
31,1377,199,67,2616.5
31,1378,198,55,2655.5
31,1379,202,48,2843.0
31,1380,205,40,3005.5
31,1381,210,35,2475.5
31,1382,214,28,1945.5
32,1518,136,682,2153.0
32,1519,135,675,2060.5
32,1520,137,668,2073.0
32,1521,137,662,2125.5
32,1522,137,654,2254.5
32,1523,135,646,2333.5
32,1524,135,637,2291.5
32,1525,133,629,2086.0
32,1526,135,621,2224.0
32,1527,137,612,2405.0
32,1528,135,605,2449.5
32,1529,133,599,2506.5
32,1530,130,592,2773.5
32,1531,128,585,2825.0
32,1532,129,576,2958.0
32,1533,129,568,2882.0
32,1534,128,560,2934.5
32,1535,129,553,2815.0
32,1536,131,545,2671.5
32,1537,131,536,2497.0
32,1538,132,528,2491.0
32,1539,133,521,2636.0
32,1540,133,513,2520.5
32,1541,133,505,2220.0
32,1542,134,495,1981.0
32,1543,136,487,2009.5
32,1544,138,480,1955.0
32,1545,140,473,2137.5
32,1546,143,466,2083.5
32,1547,145,459,2153.0
32,1548,147,452,2132.0
32,1549,149,443,2190.0
32,1550,150,436,2254.0
32,1551,154,429,2378.0
32,1552,158,424,2437.0
32,1553,160,416,2658.0
32,1554,163,408,2863.0
32,1555,166,399,3101.0
32,1556,168,390,3149.5
32,1557,171,382,3027.0
32,1558,173,373,2893.5
32,1559,172,363,2676.0
32,1560,172,354,2839.5
32,1561,171,347,2794.5
32,1562,169,339,2641.5
32,1563,167,329,2499.5
32,1564,166,321,2509.5
32,1565,166,312,2554.0
32,1566,165,303,2528.0
32,1567,164,296,2425.0
32,1568,164,287,2228.0
32,1569,162,280,2160.5
32,1570,162,272,1990.0
32,1571,161,264,1922.5
32,1572,157,257,1923.0
32,1573,155,250,1921.5
32,1574,154,242,2051.0
32,1575,154,235,2012.0
32,1576,152,228,2204.5
32,1577,150,221,2333.0
32,1578,148,215,2476.0
32,1579,147,207,2679.0
32,1580,147,198,2714.0
32,1581,147,187,2751.0
32,1582,147,178,2865.5
32,1583,148,170,2831.0
32,1584,148,163,2825.0
32,1585,149,154,2913.5
32,1586,151,144,2995.5
32,1587,150,136,3136.0
32,1588,150,129,3256.0
32,1589,150,122,3220.5
32,1590,151,115,3065.5
32,1591,152,106,2602.5
32,1592,156,98,3024.0
32,1593,158,90,2921.5
32,1594,159,83,2887.5
32,1595,161,75,2514.5
32,1596,163,65,2224.0
32,1597,166,56,2354.5
32,1598,169,47,2385.0
32,1599,172,39,2318.0
32,1600,173,31,2353.0
32,1601,175,23,2234.5
